customer_id,customer_name,customer_address,email
RF-13605,Ardith,9592 Sauthoff Crossing,acristofanoa@usgs.gov
FD-22169,Reggis,8816 Northridge Drive,rfarrarb@latimes.com
QW-93437,Bale,9184 Glacier Hill Pass,btregensoec@twitter.com
FV-25340,Katy,09 Division Place,ktroilletd@hostgator.com
BX-02349,Leona,9 Twin Pines Lane,lhanscome@google.nl
JZ-98723,Lucian,3 Washington Court,lconeybearef@unesco.org
XF-01407,Quintana,536 Spaight Terrace,qmallallg@ustream.tv
JN-89651,Shell,64057 Morrow Trail,shabberth@go.com
QJ-51997,Lavinie,90 Vidon Trail,lmacklami@about.com
RG-22090,Katha,28883 Mariners Cove Court,kgawthorpej@wikispaces.com
SW-08664,Dorena,84 Fuller Alley,dbrehenyk@latimes.com
SL-02402,Hailee,5296 School Drive,hklimentyonokl@webnode.com
SE-16394,Drusilla,7 Eastwood Drive,dsmeathm@cbsnews.com
OV-58111,Kylila,4 International Street,kkleinfeldn@cdbaby.com
HV-29891,Corbie,8826 Springs Lane,cbrabbano@intel.com
MH-47072,Phineas,2 Mallard Court,phanscombep@topsy.com
RE-45044,Rossy,9 Reinke Junction,rdudillq@reference.com
UG-56842,Wendall,24 Lillian Hill,whedworthr@github.com
VO-65478,Annabel,9 Walton Road,asinnockes@alexa.com
HI-89777,Eliot,87503 North Circle,epaolot@imageshack.us
HZ-08664,Scarlett,3489 Boyd Avenue,sbonnetteu@google.de
PX-22792,Javier,1 Towne Lane,jbarnacloughv@state.gov
IR-14639,Hermia,767 Buell Terrace,hwyllcockw@wikispaces.com
EJ-53882,Lila,629 Hoepker Alley,lorvisx@whitehouse.gov
XD-61817,Gun,5749 Aberg Terrace,gwinspeary@rambler.ru
DN-34896,Agace,0738 Stone Corner Terrace,awincklesz@yelp.com
OE-18734,Scarlett,68 Meadow Ridge Circle,sbargery10@businessweek.com
JJ-84987,Dal,3 Hovde Circle,dstanyforth11@nydailynews.com
RE-62069,Cullie,55 Delladonna Alley,collarenshaw12@1688.com
ZC-11686,Adaline,288 Mockingbird Park,ajoutapaitis13@weebly.com
YA-04354,Mercie,2 Armistice Trail,mbillinge14@bloglines.com
FZ-53270,Chiquita,24 Di Loreto Alley,cgoathrop15@yale.edu
GX-61234,Darryl,7447 Crest Line Way,dbenardet16@unesco.org
KG-80653,Clint,55894 Logan Way,cmainson17@jimdo.com
KC-32376,Adler,07 Carberry Park,ahayesman18@china.com.cn
QK-00600,Dulci,13 Meadow Valley Pass,dwellwood19@stanford.edu
RK-68133,Bessy,3133 Maple Wood Drive,bbordiss1a@nifty.com
BJ-64397,Sarena,0433 Maple Alley,sroffey1b@yellowbook.com
LF-31753,Sigismondo,6 Mallory Place,sdinneen1c@marketwatch.com
LV-68530,Miof mela,8 Anthes Pass,mgilbee1d@umich.edu
SC-01244,Pandora,370 Killdeer Way,pbernth1e@mail.ru
IQ-70554,Eden,31112 Declaration Lane,edoornbos1f@sciencedaily.com
QV-45181,Vidovik,981 Sugar Lane,vboughen1g@google.com.hk
PD-56608,Isadore,25558 Northport Point,ielgee1h@webeden.co.uk
FP-59223,Shae,58824 Forest Run Street,sheddy1i@miibeian.gov.cn
BK-79225,Clyve,299 Pine View Alley,crathbourne1j@wordpress.org
TH-43051,Lock,99890 Laurel Lane,lmurkin1k@example.com
YA-68117,Krista,5332 Rusk Point,ktupp1l@apache.org
SR-63458,Dennie,50670 Fairfield Trail,dgrigsby1m@netvibes.com
TT-48638,Dom,84 Artisan Center,ddurn1n@ucoz.com
XM-21538,Ike,4841 International Place,imckeating1o@behance.net
BN-76717,Jimmy,36 Walton Alley,jpetris1p@wikispaces.com
LI-48933,Joseph,0529 Nevada Drive,jauletta1q@patch.com
BD-03200,Pamelina,63 Judy Lane,pmackley1r@kickstarter.com
CE-92248,Pearline,4 Monument Lane,plovelace1s@eventbrite.com
UP-12578,Gaspard,0515 Nobel Center,gmarcq1t@utexas.edu
MD-14733,Waldemar,09047 Rutledge Crossing,wsnoding1u@ocn.ne.jp
LA-51055,Astra,47 Grim Avenue,acharle1v@soundcloud.com
TG-99481,Huey,3333 Buell Pass,hmacteggart1w@about.me
LE-04352,Ainslie,95 Kedzie Junction,aderricoat1x@shareasale.com
VA-88344,Bree,1 Dunning Center,bcolleer1y@miibeian.gov.cn
CE-61416,Yevette,40 Charing Cross Avenue,youry1z@blogtalkradio.com
IQ-17986,Martica,6897 Debra Parkway,mdrowsfield20@hugedomains.com
LP-16292,Amalia,726 Melvin Road,atiptaft21@last.fm
LB-83216,Susanne,07995 Express Hill,speel22@deliciousdays.com
TJ-37884,Tisha,82 Mcbride Center,tdreigher23@skyrock.com
MR-88309,Ellissa,81731 Hooker Street,eskull24@nifty.com
KQ-96355,Debee,57 Lakewood Gardens Trail,dclutten25@ifeng.com
MQ-37799,Cherri,8881 Troy Terrace,ckollatsch26@devhub.com
XK-56226,Agathe,2 Lakeland Court,akienlein27@odnoklassniki.ru
DT-10853,Alexandr,4 Kipling Point,aappleton28@wix.com
ZE-74630,Neda,87 Thierer Lane,narnaudin29@nhs.uk
IG-78307,Cahra,63 Graedel Place,cbensley2a@theglobeandmail.com
JN-66096,Madlen,46587 Ridgeway Drive,morrett2b@lycos.com
BL-45631,Artair,077 Derek Road,aeseler2c@opensource.org
AZ-65559,Winnah,0 Lighthouse Bay Lane,wluberti2d@pagesperso-orange.fr
ZM-47914,Bond,37966 Hollow Ridge Circle,bkairns2e@microsoft.com
ML-72426,Pia,003 Donald Center,pschulter2f@comsenz.com
XO-04199,Skip,72 Bultman Plaza,sivchenko2g@unesco.org
RT-33604,Sela,75 Anzinger Crossing,schick2h@vimeo.com
DJ-51408,Randie,31552 Birchwood Pass,rtown2i@friendfeed.com
ML-78227,Boote,20 Westend Street,bstealey0@vinaora.com
AM-99585,Stormie,9 Sycamore Crossing,sbradd1@shutterfly.com
CU-94010,Guss,123 Orin Park,gattarge2@dmoz.org
HC-11674,Ezequiel,123 Mockingbird Street,efinder3@symantec.com
MT-42139,Stearn,111111 Logan Parkway,ssaylor4@free.fr
KT-58461,Armin,5526 Loeprich Trail,me@gmail.com
NA-95910,Enrica,kkkkkkkkk,ewenman6@aboutads.info
QC-33134,Isac,51 Redwing Crossing,imackee7@acquirethisname.com
MJ-02310,Luce,9789 Kings Place,lkitteridge2j@admin.ch
ZF-44812,Em,923 Wayridge Alley,ecreighton2k@studiopress.com
OY-50381,Enrica,137 Southridge Plaza,eavrashin2l@virginia.edu
YL-35507,Haley,382 Continental Lane,hskechley2m@prnewswire.com
MU-21190,Murry,2 Lien Center,memps2n@feedburner.com
MQ-13788,Suki,254 Cody Hill,sreith2o@theglobeandmail.com
ID-123,Nilesh Khimani,"39,KISAN SOCIETY, VICTOR ROAD, MAHUVA",201901432@daiict.ac.in
