feedback_id,customer_id,order_id,visit_date,feedback
FED-2021,ML-78227,ODR-101,2019-04-18,Nam nulla.
FED-2022,AM-99585,ODR-102,2018-06-26,Curabitur convallis.
FED-2023,CU-94010,ODR-103,2018-11-13,Suspendisse potenti. In eleifend quam a odio.
FED-2024,HC-11674,ODR-104,2019-09-28,"Nam congue, risus semper porta volutpat, quam pede lobortis ligula, sit amet eleifend pede libero quis orci. Nullam molestie nibh in lectus."
FED-2025,MT-42139,ODR-105,2018-01-16,Duis mattis egestas metus.
FED-2026,KT-58461,ODR-106,2019-10-25,"Morbi odio odio, elementum eu, interdum eu, tincidunt in, leo. Maecenas pulvinar lobortis est."
FED-2027,NA-95910,ODR-107,2019-06-16,Maecenas ut massa quis augue luctus tincidunt. Nulla mollis molestie lorem.
FED-2028,QC-33134,ODR-108,2018-06-28,"Integer non velit. Donec diam neque, vestibulum eget, vulputate ut, ultrices vel, augue."
FED-2031,RF-13605,ODR-111,2019-04-12,Morbi ut odio.
FED-2032,FD-22169,ODR-112,2018-07-16,"Proin leo odio, porttitor id, consequat in, consequat ut, nulla. Sed accumsan felis."
FED-2033,QW-93437,ODR-113,2019-10-04,Nullam molestie nibh in lectus.
FED-2034,FV-25340,ODR-114,2018-10-26,Vestibulum ante ipsum primis in faucibus orci luctus et ultrices posuere cubilia Curae; Mauris viverra diam vitae quam. Suspendisse potenti.
FED-2035,BX-02349,ODR-115,2018-12-24,Suspendisse potenti.
FED-2036,JZ-98723,ODR-116,2018-03-20,In hac habitasse platea dictumst. Maecenas ut massa quis augue luctus tincidunt.
FED-2037,XF-01407,ODR-117,2018-12-13,"Donec odio justo, sollicitudin ut, suscipit a, feugiat et, eros. Vestibulum ac est lacinia nisi venenatis tristique."
FED-2038,JN-89651,ODR-118,2019-04-29,Vestibulum ante ipsum primis in faucibus orci luctus et ultrices posuere cubilia Curae; Duis faucibus accumsan odio. Curabitur convallis.
FED-2039,QJ-51997,ODR-119,2019-12-27,Suspendisse potenti. Cras in purus eu magna vulputate luctus.
FED-2040,RG-22090,ODR-120,2018-07-19,Nullam varius.
FED-2041,SW-08664,ODR-121,2019-04-12,Mauris lacinia sapien quis libero. Nullam sit amet turpis elementum ligula vehicula consequat.
FED-2042,SL-02402,ODR-122,2019-05-02,Curabitur gravida nisi at nibh. In hac habitasse platea dictumst.
FED-2043,SE-16394,ODR-123,2019-01-16,Aliquam erat volutpat.
FED-2044,OV-58111,ODR-124,2018-03-30,"Duis bibendum, felis sed interdum venenatis, turpis enim blandit mi, in porttitor pede justo eu massa. Donec dapibus."
FED-2045,HV-29891,ODR-125,2019-03-27,Aenean auctor gravida sem.
FED-2046,MH-47072,ODR-126,2019-01-23,Nullam sit amet turpis elementum ligula vehicula consequat.
FED-2047,RE-45044,ODR-127,2018-03-21,Duis at velit eu est congue elementum. In hac habitasse platea dictumst.
FED-2048,UG-56842,ODR-128,2019-11-27,"Quisque arcu libero, rutrum ac, lobortis vel, dapibus at, diam. Nam tristique tortor eu pede."
FED-2049,VO-65478,ODR-129,2019-01-09,Curabitur at ipsum ac tellus semper interdum.
FED-2050,HI-89777,ODR-130,2019-09-04,Cras non velit nec nisi vulputate nonummy. Maecenas tincidunt lacus at velit.
FED-2051,HZ-08664,ODR-131,2019-04-18,Proin eu mi. Nulla ac enim.
FED-2052,PX-22792,ODR-132,2018-06-26,"Cum sociis natoque penatibus et magnis dis parturient montes, nascetur ridiculus mus. Etiam vel augue."
FED-2053,IR-14639,ODR-133,2018-11-13,Aliquam erat volutpat. In congue.
FED-2054,EJ-53882,ODR-134,2019-09-28,Nam dui.
FED-2055,XD-61817,ODR-135,2018-01-16,Nunc rhoncus dui vel sem.
FED-2056,DN-34896,ODR-136,2019-10-25,In hac habitasse platea dictumst. Etiam faucibus cursus urna.
FED-2057,OE-18734,ODR-137,2019-06-16,"Curabitur in libero ut massa volutpat convallis. Morbi odio odio, elementum eu, interdum eu, tincidunt in, leo."
FED-2058,JJ-84987,ODR-138,2018-06-28,Nunc rhoncus dui vel sem.
FED-2059,RE-62069,ODR-139,2019-05-07,Nullam porttitor lacus at turpis. Donec posuere metus vitae ipsum.
FED-2060,ZC-11686,ODR-140,2018-11-07,"In est risus, auctor sed, tristique in, tempus sit amet, sem."
FED-2061,YA-04354,ODR-141,2019-04-12,Pellentesque at nulla.
FED-2062,FZ-53270,ODR-142,2018-07-16,Aliquam erat volutpat.
FED-2063,GX-61234,ODR-143,2019-10-04,Sed accumsan felis. Ut at dolor quis odio consequat varius.
FED-2064,KG-80653,ODR-144,2018-10-26,Suspendisse potenti.
FED-2065,KC-32376,ODR-145,2018-12-24,Vivamus in felis eu sapien cursus vestibulum.
FED-2066,QK-00600,ODR-146,2018-03-20,"Duis bibendum, felis sed interdum venenatis, turpis enim blandit mi, in porttitor pede justo eu massa. Donec dapibus."
FED-2067,RK-68133,ODR-147,2018-12-13,Curabitur at ipsum ac tellus semper interdum.
FED-2068,BJ-64397,ODR-148,2019-04-29,Vestibulum ante ipsum primis in faucibus orci luctus et ultrices posuere cubilia Curae; Duis faucibus accumsan odio.
FED-2069,LF-31753,ODR-149,2019-12-27,Donec semper sapien a libero. Nam dui.
FED-2070,LV-68530,ODR-150,2018-07-19,Aliquam quis turpis eget elit sodales scelerisque.
FED-2071,SC-01244,ODR-151,2019-04-12,Vestibulum ante ipsum primis in faucibus orci luctus et ultrices posuere cubilia Curae; Duis faucibus accumsan odio.
FED-2072,IQ-70554,ODR-152,2019-05-02,"In est risus, auctor sed, tristique in, tempus sit amet, sem."
FED-2073,QV-45181,ODR-153,2019-01-16,Aenean fermentum. Donec ut mauris eget massa tempor convallis.
FED-2074,PD-56608,ODR-154,2018-03-30,Nulla suscipit ligula in lacus. Curabitur at ipsum ac tellus semper interdum.
FED-2075,FP-59223,ODR-155,2019-03-27,Aliquam quis turpis eget elit sodales scelerisque. Mauris sit amet eros.
FED-2076,BK-79225,ODR-156,2019-01-23,Nunc rhoncus dui vel sem. Sed sagittis.
FED-2077,TH-43051,ODR-157,2018-03-21,"In est risus, auctor sed, tristique in, tempus sit amet, sem."
FED-2078,YA-68117,ODR-158,2019-11-27,"Vestibulum ante ipsum primis in faucibus orci luctus et ultrices posuere cubilia Curae; Nulla dapibustudin ut, suscipit a, feugiat et, eros."
FED-2079,SR-63458,ODR-159,2019-01-09,Vestibulum ante ipsum primis in faucibus orci luctus et ultrices posuere cubilia Curae;  sapien sapien non mi.
FED-2080,TT-48638,ODR-160,2019-09-04,Aliquam erat volutpat.
FED-2081,XM-21538,ODR-161,2019-04-18,Curabitur convallis.
FED-2082,BN-76717,ODR-162,2018-06-26,In quis justo.
FED-2083,LI-48933,ODR-163,2018-11-13,Phasellus sit amet erat.
FED-2084,BD-03200,ODR-164,2019-09-28,Phasellus sit amet erat. Nulla tempus.
FED-2085,CE-92248,ODR-165,2018-01-16,Etiam vel augue.
FED-2086,UP-12578,ODR-166,2019-10-25,Nulla justo. Aliquam quis turpis eget elit sodales scelerisque.
FED-2087,MD-14733,ODR-167,2019-06-16,"Suspendisse ornare consequat lectus. In est risus, auctor sed, tristique in, tempus sit amet, sem."
FED-2088,LA-51055,ODR-168,2018-06-28,Quisque id justo sit amet sapien dignissim vestibulum.
FED-2089,TG-99481,ODR-169,2019-05-07,In quis justo.
FED-2090,LE-04352,ODR-170,2018-11-07,Sed vel enim sit amet nunc viverra dapibus. Nulla suscipit ligula in lacus.
FED-2091,VA-88344,ODR-171,2019-04-12,Aliquam non mauris.
FED-2092,CE-61416,ODR-172,2018-07-16,Aliquam non mauris.
FED-2093,IQ-17986,ODR-173,2019-10-04,"Morbi vestibulum, velit id pretium iaculis, diam erat fermentum justo, nec condimentum neque sapien placerat ante."
FED-2094,LP-16292,ODR-174,2018-10-26,Vestibulum ante ipsum primis in faucibus orci luctus et ultrices posuere cubilia Curae; Duis faucibus accumsan odio.
FED-2095,LB-83216,ODR-175,2018-12-24,Morbi ut odio.
FED-2096,TJ-37884,ODR-176,2018-03-20,Duis aliquam convallis nunc. Proin at turpis a pede posuere nonummy.
FED-2097,MR-88309,ODR-177,2018-12-13,Aenean fermentum. Donec ut mauris eget massa tempor convallis.
FED-2098,KQ-96355,ODR-178,2019-04-29,Etiam justo. Etiam pretium iaculis justo.
FED-2099,MQ-37799,ODR-179,2019-12-27,Praesent id massa id nisl venenatis lacinia. Aenean sit amet justo.
FED-2100,XK-56226,ODR-180,2018-07-19,Vestibulum sed magna at nunc commodo placerat. Praesent blandit.
FED-2101,DT-10853,ODR-181,2019-04-12,Ut tellus. Nulla ut erat id mauris vulputate elementum.
FED-2102,ZE-74630,ODR-182,2019-05-02,Nunc rhoncus dui vel sem. Sed sagittis.
FED-2103,IG-78307,ODR-183,2019-01-16,Quisque id justo sit amet sapien dignissim vestibulum.
FED-2104,JN-66096,ODR-184,2018-03-30,Curabitur in libero ut massa volutpat convallis.
FED-2105,BL-45631,ODR-185,2019-03-27,Curabitur at ipsum ac tellus semper interdum.
FED-2106,AZ-65559,ODR-186,2019-01-23,Maecenas tincidunt lacus at velit. Vivamus vel nulla eget eros elementum pellentesque.
FED-2107,ZM-47914,ODR-187,2018-03-21,Nullam varius. Nulla facilisi.
FED-2108,ML-72426,ODR-188,2019-11-27,Cras pellentesque volutpat dui.
FED-2109,XO-04199,ODR-189,2019-01-09,"Integer non velit. Donec diam neque, vestibulum eget, vulputate ut, ultrices vel, augue."
FED-2110,RT-33604,ODR-190,2019-09-04,"Nulla neque libero, convallis eget, eleifend luctus, ultricies eu, nibh. Quisque id justo sit amet sapien dignissim vestibulum."
FED-2111,DJ-51408,ODR-191,2019-04-18,Nam dui.
FED-2112,MJ-02310,ODR-192,2018-06-26,"Quisque erat eros, viverra eget, congue eget, semper rutrum, nulla. Nunc purus."
FED-2113,ZF-44812,ODR-193,2018-11-13,Pellentesque eget nunc. Donec quis orci eget orci vehicula condimentum.
FED-2114,OY-50381,ODR-194,2019-09-28,Donec quis orci eget orci vehicula condimentum. Curabitur in libero ut massa volutpat convallis.
FED-2115,YL-35507,ODR-195,2018-01-16,Praesent id massa id nisl venenatis lacinia. Aenean sit amet justo.
FED-2116,MU-21190,ODR-196,2019-10-25,Nullam varius.
FED-2117,MQ-13788,ODR-197,2019-06-16,Donec dapibus. Duis at velit eu est congue elementum.
