order_id,employee_id,pick_up_time,drop_time,pick_up_location,service_name
ODR-101,EMP-4001,13:28:00,16:15:00,8 Montana Pass,Oil-Filter Changing
ODR-102,EMP-4002,10:37:00,15:22:00,46 Crowley Way,Wiper blades replacement
ODR-103,EMP-4003,12:29:00,15:24:00,1 Thierer Drive,Replace air filter
ODR-104,EMP-4004,09:46:00,16:02:00,6 Katie Street,Scheduled maintence
ODR-105,EMP-4005,11:39:00,16:21:00,585 Warbler Way,New tires
ODR-106,EMP-4006,11:07:00,16:37:00,16736 Eastlawn Alley,Battery replacement
ODR-107,EMP-4007,10:18:00,16:12:00,09 West Crossing,Brake work
ODR-108,EMP-4008,11:53:00,15:42:00,82 Kropf Court,Antifreeze added
ODR-111,EMP-4011,10:15:00,15:30:00,2 Hayes Road,Coolant system services
ODR-112,EMP-4012,10:12:00,15:38:00,2503 Truax Lane,washing 
ODR-113,EMP-4013,11:08:00,16:30:00,46417 Jackson Place,Full service
ODR-114,EMP-4014,09:43:00,15:16:00,13744 Vahlen Alley,CNG fitting
ODR-115,EMP-4015,13:26:00,16:09:00,998 Colorado Court,Headlight replacement
ODR-116,EMP-4016,10:06:00,16:15:00,9635 Aberg Court,Oil-Filter Changing
ODR-117,EMP-4017,11:31:00,16:03:00,6536 Spohn Alley,Wiper blades replacement
ODR-118,EMP-4018,09:18:00,16:48:00,92 Nova Crossing,Replace air filter
ODR-119,EMP-4019,12:05:00,16:23:00,9795 Clove Junction,Scheduled maintence
ODR-120,EMP-4020,13:30:00,16:40:00,25629 Steensland Junction,New tires
ODR-121,EMP-4021,13:59:00,16:30:00,753 Carioca Way,Battery replacement
ODR-122,EMP-4022,12:34:00,16:06:00,3780 Manley Park,Brake work
ODR-123,EMP-4023,10:21:00,15:54:00,13 Bartelt Street,Antifreeze added
ODR-124,EMP-4024,13:48:00,16:24:00,5036 Vahlen Lane,Engine tune-up
ODR-125,EMP-4025,11:55:00,15:42:00,93 Bowman Way,Wheels aligned/balanced
ODR-126,EMP-4026,12:43:00,15:21:00,43596 David Junction,Coolant system services
ODR-127,EMP-4027,09:18:00,15:51:00,2082 Duke Parkway,washing 
ODR-128,EMP-4028,11:40:00,16:40:00,13377 Nevada Alley,Full service
ODR-129,EMP-4029,10:59:00,15:38:00,7 Oneill Circle,CNG fitting
ODR-130,EMP-4030,13:47:00,16:52:00,60 Dorton Road,Headlight replacement
ODR-131,EMP-4031,11:48:00,16:04:00,25 Forest Dale Road,Oil-Filter Changing
ODR-132,EMP-4032,12:43:00,15:38:00,82447 7th Drive,Wiper blades replacement
ODR-133,EMP-4033,10:01:00,16:57:00,30 Park Meadow Way,Replace air filter
ODR-134,EMP-4034,12:16:00,15:22:00,83254 Susan Street,Scheduled maintence
ODR-135,EMP-4035,11:52:00,16:34:00,55 Haas Road,New tires
ODR-136,EMP-4036,10:45:00,15:22:00,473 Emmet Crossing,Battery replacement
ODR-137,EMP-4037,10:36:00,15:52:00,916 Colorado Hill,Brake work
ODR-138,EMP-4038,13:39:00,15:10:00,3 Eastwood Terrace,Antifreeze added
ODR-139,EMP-4039,11:01:00,15:29:00,67 Washington Terrace,Engine tune-up
ODR-140,EMP-4040,13:22:00,15:39:00,98 Chive Circle,washing 
ODR-141,EMP-4041,09:48:00,16:40:00,6 Riverside Way,Full service
ODR-142,EMP-4042,12:16:00,16:42:00,0 Cascade Point,CNG fitting
ODR-143,EMP-4043,13:20:00,15:01:00,1772 Chinook Circle,Headlight replacement
ODR-144,EMP-4044,12:37:00,16:16:00,95 Thompson Hill,Oil-Filter Changing
ODR-145,EMP-4045,10:42:00,16:57:00,375 Carberry Park,Wiper blades replacement
ODR-146,EMP-4046,09:14:00,16:01:00,40 Hoepker Road,Replace air filter
ODR-147,EMP-4047,10:09:00,16:26:00,6150 Sachs Point,Scheduled maintence
ODR-148,EMP-4048,10:11:00,16:27:00,8763 Blackbird Pass,New tires
ODR-149,EMP-4049,09:28:00,16:14:00,029 Victoria Crossing,washing 
ODR-150,EMP-4050,11:14:00,15:04:00,6768 Kedzie Circle,Full service
ODR-151,EMP-4051,12:11:00,15:25:00,97 Westerfield Terrace,CNG fitting
ODR-152,EMP-4052,11:06:00,16:02:00,4 Badeau Park,Headlight replacement
ODR-153,EMP-4053,12:41:00,15:58:00,51 Carpenter Trail,Oil-Filter Changing
ODR-154,EMP-4054,09:56:00,16:26:00,8411 Tony Avenue,Wiper blades replacement
ODR-155,EMP-4055,10:59:00,16:58:00,956 Sheridan Place,Replace air filter
ODR-156,EMP-4056,11:36:00,16:12:00,025 Hauk Plaza,Scheduled maintence
ODR-157,EMP-4057,10:15:00,15:30:00,102 Heffernan Avenue,New tires
ODR-158,EMP-4058,10:22:00,15:32:00,8 International Point,Full service
ODR-159,EMP-4059,10:07:00,16:09:00,8594 Graceland Park,CNG fitting
ODR-160,EMP-4060,09:27:00,16:40:00,05 Trailsway Street,Headlight replacement
ODR-161,EMP-4061,11:50:00,15:38:00,32 Oriole Road,Oil-Filter Changing
ODR-162,EMP-4062,09:34:00,15:06:00,480 Jenifer Crossing,Wiper blades replacement
ODR-163,EMP-4063,11:08:00,15:12:00,1928 Glacier Hill Place,Replace air filter
ODR-164,EMP-4064,13:16:00,15:46:00,225 Brown Alley,Scheduled maintence
ODR-165,EMP-4065,12:52:00,16:18:00,4689 Orin Road,New tires
ODR-166,EMP-4066,12:29:00,15:50:00,9 Carioca Terrace,Battery replacement
ODR-167,EMP-4067,10:55:00,16:45:00,5 Sugar Street,Brake work
ODR-168,EMP-4068,09:13:00,15:51:00,0122 Lake View Way,Antifreeze added
ODR-169,EMP-4069,11:36:00,15:03:00,4366 Manufacturers Point,Engine tune-up
ODR-170,EMP-4070,10:53:00,15:01:00,468 Messerschmidt Center,Wheels aligned/balanced
ODR-171,EMP-4071,09:07:00,15:10:00,587 Holy Cross Plaza,Coolant system services
ODR-172,EMP-4072,12:29:00,15:27:00,868 Marquette Circle,washing 
ODR-173,EMP-4073,11:16:00,16:57:00,79 Morningstar Avenue,Full service
ODR-174,EMP-4074,09:31:00,15:31:00,69 East Place,CNG fitting
ODR-175,EMP-4075,10:31:00,16:45:00,13 Commercial Way,Headlight replacement
ODR-176,EMP-4076,11:50:00,15:47:00,8855 Mockingbird Point,Oil-Filter Changing
ODR-177,EMP-4077,09:29:00,15:59:00,7 Mockingbird Park,Wiper blades replacement
ODR-178,EMP-4078,09:51:00,16:07:00,4 Kensington Crossing,Replace air filter
ODR-179,EMP-4079,12:02:00,15:53:00,7 Fremont Park,Scheduled maintence
ODR-180,EMP-4080,10:02:00,15:38:00,52990 Corry Crossing,New tires
ODR-181,EMP-4081,11:27:00,15:02:00,1988 Hoffman Avenue,Battery replacement
ODR-182,EMP-4082,12:19:00,15:20:00,7 Anthes Lane,Brake work
ODR-183,EMP-4083,13:25:00,15:35:00,2589 Heffernan Drive,Antifreeze added
ODR-184,EMP-4084,12:03:00,15:37:00,13 Mitchell Pass,Engine tune-up
ODR-185,EMP-4085,12:14:00,16:48:00,64 Sugar Alley,washing 
ODR-186,EMP-4086,13:02:00,16:14:00,394 Derek Center,Full service
ODR-187,EMP-4087,11:48:00,15:34:00,2938 Del Sol Street,CNG fitting
ODR-188,EMP-4088,10:28:00,16:57:00,20423 Saint Paul Hill,Headlight replacement
ODR-189,EMP-4089,10:50:00,16:49:00,612 Park Meadow Junction,Oil-Filter Changing
ODR-190,EMP-4090,13:36:00,15:36:00,9804 Dexter Junction,Wiper blades replacement
ODR-191,EMP-4091,11:48:00,15:43:00,22716 Melby Hill,Antifreeze added
ODR-192,EMP-4092,09:23:00,16:48:00,9 Superior Place,Engine tune-up
ODR-193,EMP-4093,09:17:00,15:47:00,009 Hauk Terrace,Wheels aligned/balanced
ODR-194,EMP-4094,09:10:00,15:18:00,6390 Marcy Point,Coolant system services
ODR-195,EMP-4095,12:32:00,16:02:00,91 Dawn Avenue,washing 
ODR-196,EMP-4096,09:58:00,16:46:00,59 Jackson Junction,Full service
ODR-197,EMP-4097,12:25:00,15:19:00,291 Golf Course Pass,CNG fitting
