center_id,center_address,center_name
CEN-981,2 Welch Crossing,Lang-Schiller
CEN-982,3717 Iowa Crossing,Beahan and Sons
CEN-983,54 Hagan Alley,"Nicolas, Stiedemann and Russel"
CEN-984,85 Cardinal Point,Armstrong Inc
CEN-985,47 Summer Ridge Trail,"Becker, Schaefer and Bernier"
CEN-986,5472 Di Loreto Terrace,Bergstrom Group
CEN-987,946 Cottonwood Way,"Hoppe, McDermott and Schulist"
CEN-988,6157 Dakota Court,"Schroeder, Bradtke and Boehm"
CEN-989,78327 Mccormick Circle,Kuhic Inc
CEN-990,62 Erie Alley,Von LLC
